Bytes,Time,RSSI,SNR
0,1322,-123,-21.500000
0,1522,-123,-21.500000
0,1722,-123,-17.750000
